round_epochs,loss,custom_mae,val_loss,val_custom_mae,activation,batch_size,dropout,epochs,first_neuron,hidden_layers,label_type,loss_function,lr,monitor_value,optimizer,reduction_metric,samples
1,6.711016660809517,1.0402045,0.14485943275690077,0.2861811,leakyrelu,32,0.25,1,1024,0,Normalized,mean_squared_error,1,val_custom_mae,<class 'tensorflow.python.keras.optimizer_v2.adam.Adam'>,custom_mae,20000
1,25.04423055577278,1.8325549,0.3432847831249237,0.47439283,leakyrelu,32,0.25,1,1024,0,Normalized,mean_squared_error,2,val_custom_mae,<class 'tensorflow.python.keras.optimizer_v2.adam.Adam'>,custom_mae,20000
1,151.6130672519207,3.921999,0.44459325981140135,0.5403088,leakyrelu,32,0.25,1,1024,0,Normalized,mean_squared_error,5,val_custom_mae,<class 'tensorflow.python.keras.optimizer_v2.adam.Adam'>,custom_mae,20000
1,2.5606084048449995,0.66425604,0.12948266491293908,0.2610657,leakyrelu,32,0.25,1,1024,1,Normalized,mean_squared_error,1,val_custom_mae,<class 'tensorflow.python.keras.optimizer_v2.adam.Adam'>,custom_mae,20000
1,12.03844416487217,1.1437063,0.14752789980173112,0.29291788,leakyrelu,32,0.25,1,1024,1,Normalized,mean_squared_error,2,val_custom_mae,<class 'tensorflow.python.keras.optimizer_v2.adam.Adam'>,custom_mae,20000
1,432.35036451244355,4.861802,0.6215152821540832,0.6794444,leakyrelu,32,0.25,1,1024,1,Normalized,mean_squared_error,5,val_custom_mae,<class 'tensorflow.python.keras.optimizer_v2.adam.Adam'>,custom_mae,20000
1,0.9999440104216337,0.5455416,0.15985468393564226,0.3103336,leakyrelu,32,0.25,1,1024,2,Normalized,mean_squared_error,1,val_custom_mae,<class 'tensorflow.python.keras.optimizer_v2.adam.Adam'>,custom_mae,20000
1,4.309925942391157,0.8199447,0.2013036862015724,0.36308473,leakyrelu,32,0.25,1,1024,2,Normalized,mean_squared_error,2,val_custom_mae,<class 'tensorflow.python.keras.optimizer_v2.adam.Adam'>,custom_mae,20000
1,102.8144569813013,2.6277542,0.30125349771976473,0.46080062,leakyrelu,32,0.25,1,1024,2,Normalized,mean_squared_error,5,val_custom_mae,<class 'tensorflow.python.keras.optimizer_v2.adam.Adam'>,custom_mae,20000
1,0.5653052029460669,0.4912079,0.14240217292308807,0.27995685,leakyrelu,32,0.25,1,1024,3,Normalized,mean_squared_error,1,val_custom_mae,<class 'tensorflow.python.keras.optimizer_v2.adam.Adam'>,custom_mae,20000
1,1.717737831056118,0.6567646,0.23414157140254974,0.4000273,leakyrelu,32,0.25,1,1024,3,Normalized,mean_squared_error,2,val_custom_mae,<class 'tensorflow.python.keras.optimizer_v2.adam.Adam'>,custom_mae,20000
1,29.46011734467745,1.6030403,0.317160470366478,0.48287606,leakyrelu,32,0.25,1,1024,3,Normalized,mean_squared_error,5,val_custom_mae,<class 'tensorflow.python.keras.optimizer_v2.adam.Adam'>,custom_mae,20000
1,0.39998282864689827,0.47250026,0.17744486218690872,0.33171895,leakyrelu,32,0.25,1,1024,4,Normalized,mean_squared_error,1,val_custom_mae,<class 'tensorflow.python.keras.optimizer_v2.adam.Adam'>,custom_mae,20000
1,0.8284327211081982,0.58488,0.25608799016475675,0.42312774,leakyrelu,32,0.25,1,1024,4,Normalized,mean_squared_error,2,val_custom_mae,<class 'tensorflow.python.keras.optimizer_v2.adam.Adam'>,custom_mae,20000
1,8.13032445320487,0.9876627,0.31233234202861787,0.48269585,leakyrelu,32,0.25,1,1024,4,Normalized,mean_squared_error,5,val_custom_mae,<class 'tensorflow.python.keras.optimizer_v2.adam.Adam'>,custom_mae,20000
1,13.850784210681915,1.1491505,0.15913639575242997,0.30614623,leakyrelu,32,0.25,1,2048,0,Normalized,mean_squared_error,1,val_custom_mae,<class 'tensorflow.python.keras.optimizer_v2.adam.Adam'>,custom_mae,20000
1,52.070948001861574,2.0609815,0.8654907212257386,0.8430811,leakyrelu,32,0.25,1,2048,0,Normalized,mean_squared_error,2,val_custom_mae,<class 'tensorflow.python.keras.optimizer_v2.adam.Adam'>,custom_mae,20000
1,323.9885506649017,4.622136,0.6995360510349273,0.7097761,leakyrelu,32,0.25,1,2048,0,Normalized,mean_squared_error,5,val_custom_mae,<class 'tensorflow.python.keras.optimizer_v2.adam.Adam'>,custom_mae,20000
1,7.2868506183326245,0.92721546,0.15402619242668153,0.30270734,leakyrelu,32,0.25,1,2048,1,Normalized,mean_squared_error,1,val_custom_mae,<class 'tensorflow.python.keras.optimizer_v2.adam.Adam'>,custom_mae,20000
1,69.25165369212627,1.9524025,0.1996251882314682,0.3470857,leakyrelu,32,0.25,1,2048,1,Normalized,mean_squared_error,2,val_custom_mae,<class 'tensorflow.python.keras.optimizer_v2.adam.Adam'>,custom_mae,20000
1,2747.994203022003,10.990384,12.553050964355469,2.7117708,leakyrelu,32,0.25,1,2048,1,Normalized,mean_squared_error,5,val_custom_mae,<class 'tensorflow.python.keras.optimizer_v2.adam.Adam'>,custom_mae,20000
1,2.8980059483349323,0.66665167,0.17107801204919815,0.3222665,leakyrelu,32,0.25,1,2048,2,Normalized,mean_squared_error,1,val_custom_mae,<class 'tensorflow.python.keras.optimizer_v2.adam.Adam'>,custom_mae,20000
1,25.469792837142943,1.3388069,0.2719684034585953,0.42561275,leakyrelu,32,0.25,1,2048,2,Normalized,mean_squared_error,2,val_custom_mae,<class 'tensorflow.python.keras.optimizer_v2.adam.Adam'>,custom_mae,20000
1,13311.592523822546,25.450891,53.225398376464845,7.2164874,leakyrelu,32,0.25,1,2048,2,Normalized,mean_squared_error,5,val_custom_mae,<class 'tensorflow.python.keras.optimizer_v2.adam.Adam'>,custom_mae,20000
1,1.163792306214571,0.5755086,0.16925388884544373,0.32245722,leakyrelu,32,0.25,1,2048,3,Normalized,mean_squared_error,1,val_custom_mae,<class 'tensorflow.python.keras.optimizer_v2.adam.Adam'>,custom_mae,20000
1,7.3190995939671994,0.943545,0.27783189904689787,0.4433055,leakyrelu,32,0.25,1,2048,3,Normalized,mean_squared_error,2,val_custom_mae,<class 'tensorflow.python.keras.optimizer_v2.adam.Adam'>,custom_mae,20000
1,2032.2778886542321,7.957142,0.7135290956497192,0.680462,leakyrelu,32,0.25,1,2048,3,Normalized,mean_squared_error,5,val_custom_mae,<class 'tensorflow.python.keras.optimizer_v2.adam.Adam'>,custom_mae,20000
1,0.6108473147451877,0.51875407,0.17191457843780517,0.31999534,leakyrelu,32,0.25,1,2048,4,Normalized,mean_squared_error,1,val_custom_mae,<class 'tensorflow.python.keras.optimizer_v2.adam.Adam'>,custom_mae,20000
1,2.997973990768194,0.7561113,0.2432029962539673,0.41407797,leakyrelu,32,0.25,1,2048,4,Normalized,mean_squared_error,2,val_custom_mae,<class 'tensorflow.python.keras.optimizer_v2.adam.Adam'>,custom_mae,20000
1,927.2499732403755,7.882198,0.347997761964798,0.50066876,leakyrelu,32,0.25,1,2048,4,Normalized,mean_squared_error,5,val_custom_mae,<class 'tensorflow.python.keras.optimizer_v2.adam.Adam'>,custom_mae,20000
1,24.821133017659186,1.3075033,0.4183082747459412,0.5421533,leakyrelu,32,0.25,1,4096,0,Normalized,mean_squared_error,1,val_custom_mae,<class 'tensorflow.python.keras.optimizer_v2.adam.Adam'>,custom_mae,20000
1,97.91738036203384,2.4568722,1.7327684268951415,1.0558726,leakyrelu,32,0.25,1,4096,0,Normalized,mean_squared_error,2,val_custom_mae,<class 'tensorflow.python.keras.optimizer_v2.adam.Adam'>,custom_mae,20000
1,688.542029900074,6.938732,1.9147427434921265,1.1145474,leakyrelu,32,0.25,1,4096,0,Normalized,mean_squared_error,5,val_custom_mae,<class 'tensorflow.python.keras.optimizer_v2.adam.Adam'>,custom_mae,20000
1,39.834514650166035,1.232404,0.13995159888267517,0.28189665,leakyrelu,32,0.25,1,4096,1,Normalized,mean_squared_error,1,val_custom_mae,<class 'tensorflow.python.keras.optimizer_v2.adam.Adam'>,custom_mae,20000
1,795.2279695649147,5.256791,2.9090373001098633,1.4572942,leakyrelu,32,0.25,1,4096,1,Normalized,mean_squared_error,2,val_custom_mae,<class 'tensorflow.python.keras.optimizer_v2.adam.Adam'>,custom_mae,20000
1,29565.885527106286,31.767527,22.999069717407227,4.230969,leakyrelu,32,0.25,1,4096,1,Normalized,mean_squared_error,5,val_custom_mae,<class 'tensorflow.python.keras.optimizer_v2.adam.Adam'>,custom_mae,20000
1,9.784895428180695,0.98892033,0.1570192946791649,0.3018593,leakyrelu,32,0.25,1,4096,2,Normalized,mean_squared_error,1,val_custom_mae,<class 'tensorflow.python.keras.optimizer_v2.adam.Adam'>,custom_mae,20000
1,642.3693393130302,4.687993,0.9116602849960327,0.7826734,leakyrelu,32,0.25,1,4096,2,Normalized,mean_squared_error,2,val_custom_mae,<class 'tensorflow.python.keras.optimizer_v2.adam.Adam'>,custom_mae,20000
1,360895.6363941836,71.47393,16.122182052612306,3.6581905,leakyrelu,32,0.25,1,4096,2,Normalized,mean_squared_error,5,val_custom_mae,<class 'tensorflow.python.keras.optimizer_v2.adam.Adam'>,custom_mae,20000
1,4.989523886024952,0.7941089,0.1991201778650284,0.36141288,leakyrelu,32,0.25,1,4096,3,Normalized,mean_squared_error,1,val_custom_mae,<class 'tensorflow.python.keras.optimizer_v2.adam.Adam'>,custom_mae,20000
1,398.9573802419901,3.187099,0.386332626581192,0.5090424,leakyrelu,32,0.25,1,4096,3,Normalized,mean_squared_error,2,val_custom_mae,<class 'tensorflow.python.keras.optimizer_v2.adam.Adam'>,custom_mae,20000
1,234275.07885361792,111.30296,204.52180615234374,12.852285,leakyrelu,32,0.25,1,4096,3,Normalized,mean_squared_error,5,val_custom_mae,<class 'tensorflow.python.keras.optimizer_v2.adam.Adam'>,custom_mae,20000
1,2.8416282194554805,0.7221134,0.21422702956199646,0.37853998,leakyrelu,32,0.25,1,4096,4,Normalized,mean_squared_error,1,val_custom_mae,<class 'tensorflow.python.keras.optimizer_v2.adam.Adam'>,custom_mae,20000
1,76.51920100963116,2.0426297,0.3283030332326889,0.49226686,leakyrelu,32,0.25,1,4096,4,Normalized,mean_squared_error,2,val_custom_mae,<class 'tensorflow.python.keras.optimizer_v2.adam.Adam'>,custom_mae,20000
1,222245.61850501012,65.053185,7.402445571899414,2.5782824,leakyrelu,32,0.25,1,4096,4,Normalized,mean_squared_error,5,val_custom_mae,<class 'tensorflow.python.keras.optimizer_v2.adam.Adam'>,custom_mae,20000
1,6.891547500371933,1.2998989,0.14671918815374374,0.29094717,leakyrelu,32,0.5,1,1024,0,Normalized,mean_squared_error,1,val_custom_mae,<class 'tensorflow.python.keras.optimizer_v2.adam.Adam'>,custom_mae,20000
1,24.790802136182783,2.2487602,0.2165151251554489,0.36850816,leakyrelu,32,0.5,1,1024,0,Normalized,mean_squared_error,2,val_custom_mae,<class 'tensorflow.python.keras.optimizer_v2.adam.Adam'>,custom_mae,20000
1,134.8013878955841,4.353071,0.34679367673397066,0.45372096,leakyrelu,32,0.5,1,1024,0,Normalized,mean_squared_error,5,val_custom_mae,<class 'tensorflow.python.keras.optimizer_v2.adam.Adam'>,custom_mae,20000
1,2.339924542248249,0.7357552,0.17598057878017426,0.33233267,leakyrelu,32,0.5,1,1024,1,Normalized,mean_squared_error,1,val_custom_mae,<class 'tensorflow.python.keras.optimizer_v2.adam.Adam'>,custom_mae,20000
1,10.786599566578865,1.2829738,0.19834517467021942,0.35252815,leakyrelu,32,0.5,1,1024,1,Normalized,mean_squared_error,2,val_custom_mae,<class 'tensorflow.python.keras.optimizer_v2.adam.Adam'>,custom_mae,20000
1,390.7563579249382,5.6436872,0.2830605791807175,0.43451774,leakyrelu,32,0.5,1,1024,1,Normalized,mean_squared_error,5,val_custom_mae,<class 'tensorflow.python.keras.optimizer_v2.adam.Adam'>,custom_mae,20000
1,1.2956444210112095,0.6667364,0.28468880879879,0.4567275,leakyrelu,32,0.5,1,1024,2,Normalized,mean_squared_error,1,val_custom_mae,<class 'tensorflow.python.keras.optimizer_v2.adam.Adam'>,custom_mae,20000
1,5.2187094582915305,0.997325,0.2885587711334229,0.46024784,leakyrelu,32,0.5,1,1024,2,Normalized,mean_squared_error,2,val_custom_mae,<class 'tensorflow.python.keras.optimizer_v2.adam.Adam'>,custom_mae,20000
1,94.15215021848678,2.8939216,0.3003083406686783,0.46884418,leakyrelu,32,0.5,1,1024,2,Normalized,mean_squared_error,5,val_custom_mae,<class 'tensorflow.python.keras.optimizer_v2.adam.Adam'>,custom_mae,20000
1,1.118975004196167,0.66906667,0.31191644465923307,0.48268288,leakyrelu,32,0.5,1,1024,3,Normalized,mean_squared_error,1,val_custom_mae,<class 'tensorflow.python.keras.optimizer_v2.adam.Adam'>,custom_mae,20000
1,2.878819750189781,0.84134847,0.31238777458667755,0.48312876,leakyrelu,32,0.5,1,1024,3,Normalized,mean_squared_error,2,val_custom_mae,<class 'tensorflow.python.keras.optimizer_v2.adam.Adam'>,custom_mae,20000
1,25.276044888019563,1.7602022,0.3128954530954361,0.48370692,leakyrelu,32,0.5,1,1024,3,Normalized,mean_squared_error,5,val_custom_mae,<class 'tensorflow.python.keras.optimizer_v2.adam.Adam'>,custom_mae,20000
1,1.2749592460393906,0.6928105,0.3131922161579132,0.48341608,leakyrelu,32,0.5,1,1024,4,Normalized,mean_squared_error,1,val_custom_mae,<class 'tensorflow.python.keras.optimizer_v2.adam.Adam'>,custom_mae,20000
1,3.3741602165102957,0.865856,0.313174567937851,0.48346263,leakyrelu,32,0.5,1,1024,4,Normalized,mean_squared_error,2,val_custom_mae,<class 'tensorflow.python.keras.optimizer_v2.adam.Adam'>,custom_mae,20000
1,18.131902535498142,1.5224113,0.31339258444309237,0.48373085,leakyrelu,32,0.5,1,1024,4,Normalized,mean_squared_error,5,val_custom_mae,<class 'tensorflow.python.keras.optimizer_v2.adam.Adam'>,custom_mae,20000
1,14.131630251765252,1.4857262,0.15016138595342637,0.29579917,leakyrelu,32,0.5,1,2048,0,Normalized,mean_squared_error,1,val_custom_mae,<class 'tensorflow.python.keras.optimizer_v2.adam.Adam'>,custom_mae,20000
1,52.51499270296097,2.572103,0.20276212853193282,0.35353833,leakyrelu,32,0.5,1,2048,0,Normalized,mean_squared_error,2,val_custom_mae,<class 'tensorflow.python.keras.optimizer_v2.adam.Adam'>,custom_mae,20000
1,316.1655265455246,5.1862564,0.7537869839668274,0.6897486,leakyrelu,32,0.5,1,2048,0,Normalized,mean_squared_error,5,val_custom_mae,<class 'tensorflow.python.keras.optimizer_v2.adam.Adam'>,custom_mae,20000
1,6.078014663040638,1.0236131,0.1615537253022194,0.3125422,leakyrelu,32,0.5,1,2048,1,Normalized,mean_squared_error,1,val_custom_mae,<class 'tensorflow.python.keras.optimizer_v2.adam.Adam'>,custom_mae,20000
1,61.119521992444994,2.3926098,0.2058682825565338,0.3712277,leakyrelu,32,0.5,1,2048,1,Normalized,mean_squared_error,2,val_custom_mae,<class 'tensorflow.python.keras.optimizer_v2.adam.Adam'>,custom_mae,20000
1,2607.503202061653,12.653074,3.3615717182159424,1.7051336,leakyrelu,32,0.5,1,2048,1,Normalized,mean_squared_error,5,val_custom_mae,<class 'tensorflow.python.keras.optimizer_v2.adam.Adam'>,custom_mae,20000
1,2.8760783559381964,0.8031804,0.2680424975156784,0.43723026,leakyrelu,32,0.5,1,2048,2,Normalized,mean_squared_error,1,val_custom_mae,<class 'tensorflow.python.keras.optimizer_v2.adam.Adam'>,custom_mae,20000
1,16.85113396692276,1.4623855,0.2626777702569962,0.43288273,leakyrelu,32,0.5,1,2048,2,Normalized,mean_squared_error,2,val_custom_mae,<class 'tensorflow.python.keras.optimizer_v2.adam.Adam'>,custom_mae,20000
1,2201.4189087314608,11.226446,0.3349557703733444,0.49133384,leakyrelu,32,0.5,1,2048,2,Normalized,mean_squared_error,5,val_custom_mae,<class 'tensorflow.python.keras.optimizer_v2.adam.Adam'>,custom_mae,20000
1,2.030335483789444,0.7675,0.29923941349983213,0.4703987,leakyrelu,32,0.5,1,2048,3,Normalized,mean_squared_error,1,val_custom_mae,<class 'tensorflow.python.keras.optimizer_v2.adam.Adam'>,custom_mae,20000
1,8.582123597979546,1.1535704,0.31263742089271546,0.48248816,leakyrelu,32,0.5,1,2048,3,Normalized,mean_squared_error,2,val_custom_mae,<class 'tensorflow.python.keras.optimizer_v2.adam.Adam'>,custom_mae,20000
1,453.57858322763445,5.9564056,0.3951120661497116,0.52984905,leakyrelu,32,0.5,1,2048,3,Normalized,mean_squared_error,5,val_custom_mae,<class 'tensorflow.python.keras.optimizer_v2.adam.Adam'>,custom_mae,20000
1,2.372746336311102,0.8183774,0.3123829030990601,0.48319325,leakyrelu,32,0.5,1,2048,4,Normalized,mean_squared_error,1,val_custom_mae,<class 'tensorflow.python.keras.optimizer_v2.adam.Adam'>,custom_mae,20000
1,7.745326791405677,1.1526246,0.31268839645385743,0.4830098,leakyrelu,32,0.5,1,2048,4,Normalized,mean_squared_error,2,val_custom_mae,<class 'tensorflow.python.keras.optimizer_v2.adam.Adam'>,custom_mae,20000
1,77.98277752041817,2.8819606,0.3131877870559692,0.4840547,leakyrelu,32,0.5,1,2048,4,Normalized,mean_squared_error,5,val_custom_mae,<class 'tensorflow.python.keras.optimizer_v2.adam.Adam'>,custom_mae,20000
1,26.596687927722932,1.7289203,0.21663729321956635,0.36585417,leakyrelu,32,0.5,1,4096,0,Normalized,mean_squared_error,1,val_custom_mae,<class 'tensorflow.python.keras.optimizer_v2.adam.Adam'>,custom_mae,20000
1,103.35495927762985,3.0623066,0.9182274394035339,0.80084443,leakyrelu,32,0.5,1,4096,0,Normalized,mean_squared_error,2,val_custom_mae,<class 'tensorflow.python.keras.optimizer_v2.adam.Adam'>,custom_mae,20000
1,702.5952321748733,7.5067286,2.976760814666748,1.4961853,leakyrelu,32,0.5,1,4096,0,Normalized,mean_squared_error,5,val_custom_mae,<class 'tensorflow.python.keras.optimizer_v2.adam.Adam'>,custom_mae,20000
1,32.67131273412704,1.5042007,0.2273193861246109,0.37906346,leakyrelu,32,0.5,1,4096,1,Normalized,mean_squared_error,1,val_custom_mae,<class 'tensorflow.python.keras.optimizer_v2.adam.Adam'>,custom_mae,20000
1,663.78875259161,5.5287695,1.3393226141929626,1.030525,leakyrelu,32,0.5,1,4096,1,Normalized,mean_squared_error,2,val_custom_mae,<class 'tensorflow.python.keras.optimizer_v2.adam.Adam'>,custom_mae,20000
1,24686.749824587347,30.62229,11.327996543884277,2.7506123,leakyrelu,32,0.5,1,4096,1,Normalized,mean_squared_error,5,val_custom_mae,<class 'tensorflow.python.keras.optimizer_v2.adam.Adam'>,custom_mae,20000
1,7.905887228757143,1.0432477,0.2167763602733612,0.37958944,leakyrelu,32,0.5,1,4096,2,Normalized,mean_squared_error,1,val_custom_mae,<class 'tensorflow.python.keras.optimizer_v2.adam.Adam'>,custom_mae,20000
1,139.36387271952628,3.1174378,0.35938188290596007,0.50347954,leakyrelu,32,0.5,1,4096,2,Normalized,mean_squared_error,2,val_custom_mae,<class 'tensorflow.python.keras.optimizer_v2.adam.Adam'>,custom_mae,20000
1,46532.12535533094,50.57478,38.35474920654297,6.0046563,leakyrelu,32,0.5,1,4096,2,Normalized,mean_squared_error,5,val_custom_mae,<class 'tensorflow.python.keras.optimizer_v2.adam.Adam'>,custom_mae,20000
1,5.455363823890686,1.0191082,0.2987684417963028,0.46931386,leakyrelu,32,0.5,1,4096,3,Normalized,mean_squared_error,1,val_custom_mae,<class 'tensorflow.python.keras.optimizer_v2.adam.Adam'>,custom_mae,20000
1,90.51004265236854,2.7100465,0.4615830192565918,0.559963,leakyrelu,32,0.5,1,4096,3,Normalized,mean_squared_error,2,val_custom_mae,<class 'tensorflow.python.keras.optimizer_v2.adam.Adam'>,custom_mae,20000
1,65182.413843198774,71.55635,11.70986612701416,2.7417445,leakyrelu,32,0.5,1,4096,3,Normalized,mean_squared_error,5,val_custom_mae,<class 'tensorflow.python.keras.optimizer_v2.adam.Adam'>,custom_mae,20000
1,5.45218022608757,1.0541742,0.3110761942863464,0.48201624,leakyrelu,32,0.5,1,4096,4,Normalized,mean_squared_error,1,val_custom_mae,<class 'tensorflow.python.keras.optimizer_v2.adam.Adam'>,custom_mae,20000
1,27.44572773629427,1.794647,0.31410880863666535,0.48405364,leakyrelu,32,0.5,1,4096,4,Normalized,mean_squared_error,2,val_custom_mae,<class 'tensorflow.python.keras.optimizer_v2.adam.Adam'>,custom_mae,20000
1,15123.620307826995,36.049908,5.824248863220215,2.219021,leakyrelu,32,0.5,1,4096,4,Normalized,mean_squared_error,5,val_custom_mae,<class 'tensorflow.python.keras.optimizer_v2.adam.Adam'>,custom_mae,20000
1,13.011530039787292,1.2703501,0.15992004051804543,0.30442333,leakyrelu,64,0.25,1,1024,0,Normalized,mean_squared_error,1,val_custom_mae,<class 'tensorflow.python.keras.optimizer_v2.adam.Adam'>,custom_mae,20000
1,49.93336593151093,2.3545551,0.2216096789606156,0.3667696,leakyrelu,64,0.25,1,1024,0,Normalized,mean_squared_error,2,val_custom_mae,<class 'tensorflow.python.keras.optimizer_v2.adam.Adam'>,custom_mae,20000
1,302.83950406837465,5.2302794,0.7850898283143197,0.74456567,leakyrelu,64,0.25,1,1024,0,Normalized,mean_squared_error,5,val_custom_mae,<class 'tensorflow.python.keras.optimizer_v2.adam.Adam'>,custom_mae,20000
1,4.985071251153946,0.92663354,0.17978415325764688,0.3325463,leakyrelu,64,0.25,1,1024,1,Normalized,mean_squared_error,1,val_custom_mae,<class 'tensorflow.python.keras.optimizer_v2.adam.Adam'>,custom_mae,20000
1,25.08801759147644,1.7166021,0.20491576266865577,0.36105537,leakyrelu,64,0.25,1,1024,1,Normalized,mean_squared_error,2,val_custom_mae,<class 'tensorflow.python.keras.optimizer_v2.adam.Adam'>,custom_mae,20000
1,937.8044110970498,7.8088536,0.3594868524420646,0.48261544,leakyrelu,64,0.25,1,1024,1,Normalized,mean_squared_error,5,val_custom_mae,<class 'tensorflow.python.keras.optimizer_v2.adam.Adam'>,custom_mae,20000
1,1.3416331219673157,0.6304498,0.2102695830887364,0.3734986,leakyrelu,64,0.25,1,1024,2,Normalized,mean_squared_error,1,val_custom_mae,<class 'tensorflow.python.keras.optimizer_v2.adam.Adam'>,custom_mae,20000
1,6.212125309586525,1.0201981,0.2492418452616661,0.4144317,leakyrelu,64,0.25,1,1024,2,Normalized,mean_squared_error,2,val_custom_mae,<class 'tensorflow.python.keras.optimizer_v2.adam.Adam'>,custom_mae,20000
1,153.89695453166962,3.229077,0.39283696970632,0.5217024,leakyrelu,64,0.25,1,1024,2,Normalized,mean_squared_error,5,val_custom_mae,<class 'tensorflow.python.keras.optimizer_v2.adam.Adam'>,custom_mae,20000
1,0.7156919750571251,0.5560393,0.20989974516053353,0.37063667,leakyrelu,64,0.25,1,1024,3,Normalized,mean_squared_error,1,val_custom_mae,<class 'tensorflow.python.keras.optimizer_v2.adam.Adam'>,custom_mae,20000
1,2.6205025205612182,0.77681506,0.3082291820356923,0.47764918,leakyrelu,64,0.25,1,1024,3,Normalized,mean_squared_error,2,val_custom_mae,<class 'tensorflow.python.keras.optimizer_v2.adam.Adam'>,custom_mae,20000
1,49.36577877545357,2.2696397,0.3789401376439679,0.52025735,leakyrelu,64,0.25,1,1024,3,Normalized,mean_squared_error,5,val_custom_mae,<class 'tensorflow.python.keras.optimizer_v2.adam.Adam'>,custom_mae,20000
1,0.5832368888258934,0.5589155,0.22945486081223335,0.39502656,leakyrelu,64,0.25,1,1024,4,Normalized,mean_squared_error,1,val_custom_mae,<class 'tensorflow.python.keras.optimizer_v2.adam.Adam'>,custom_mae,20000
1,1.595144769191742,0.69751954,0.31141307469337215,0.48215368,leakyrelu,64,0.25,1,1024,4,Normalized,mean_squared_error,2,val_custom_mae,<class 'tensorflow.python.keras.optimizer_v2.adam.Adam'>,custom_mae,20000
1,27.65727753305435,1.751111,0.3124945721318645,0.48259,leakyrelu,64,0.25,1,1024,4,Normalized,mean_squared_error,5,val_custom_mae,<class 'tensorflow.python.keras.optimizer_v2.adam.Adam'>,custom_mae,20000
1,26.614727830648423,1.4805804,0.21508254783768807,0.3640552,leakyrelu,64,0.25,1,2048,0,Normalized,mean_squared_error,1,val_custom_mae,<class 'tensorflow.python.keras.optimizer_v2.adam.Adam'>,custom_mae,20000
1,101.06589825677872,2.8194351,0.18879106088030723,0.3352817,leakyrelu,64,0.25,1,2048,0,Normalized,mean_squared_error,2,val_custom_mae,<class 'tensorflow.python.keras.optimizer_v2.adam.Adam'>,custom_mae,20000
1,633.9303299269676,6.715407,4.213531324940343,1.5650268,leakyrelu,64,0.25,1,2048,0,Normalized,mean_squared_error,5,val_custom_mae,<class 'tensorflow.python.keras.optimizer_v2.adam.Adam'>,custom_mae,20000
1,13.059916939258576,1.2809039,0.15521105354832065,0.29822618,leakyrelu,64,0.25,1,2048,1,Normalized,mean_squared_error,1,val_custom_mae,<class 'tensorflow.python.keras.optimizer_v2.adam.Adam'>,custom_mae,20000
1,139.41096863222123,2.907444,0.4488918396734422,0.5640195,leakyrelu,64,0.25,1,2048,1,Normalized,mean_squared_error,2,val_custom_mae,<class 'tensorflow.python.keras.optimizer_v2.adam.Adam'>,custom_mae,20000
1,5794.104243440628,18.565338,0.4993516855662869,0.54138964,leakyrelu,64,0.25,1,2048,1,Normalized,mean_squared_error,5,val_custom_mae,<class 'tensorflow.python.keras.optimizer_v2.adam.Adam'>,custom_mae,20000
1,5.438567486405373,0.87413585,0.2238194964105083,0.38610876,leakyrelu,64,0.25,1,2048,2,Normalized,mean_squared_error,1,val_custom_mae,<class 'tensorflow.python.keras.optimizer_v2.adam.Adam'>,custom_mae,20000
1,50.73711945772171,2.028012,0.30323845268257205,0.45593736,leakyrelu,64,0.25,1,2048,2,Normalized,mean_squared_error,2,val_custom_mae,<class 'tensorflow.python.keras.optimizer_v2.adam.Adam'>,custom_mae,20000
1,20788.508514944555,22.449024,1.562855633997148,1.0832694,leakyrelu,64,0.25,1,2048,2,Normalized,mean_squared_error,5,val_custom_mae,<class 'tensorflow.python.keras.optimizer_v2.adam.Adam'>,custom_mae,20000
1,1.727148666858673,0.6914665,0.23471628177550533,0.40243623,leakyrelu,64,0.25,1,2048,3,Normalized,mean_squared_error,1,val_custom_mae,<class 'tensorflow.python.keras.optimizer_v2.adam.Adam'>,custom_mae,20000
1,13.701322549939155,1.3120012,0.3171227831513651,0.48276633,leakyrelu,64,0.25,1,2048,3,Normalized,mean_squared_error,2,val_custom_mae,<class 'tensorflow.python.keras.optimizer_v2.adam.Adam'>,custom_mae,20000
1,2816.178962667942,10.776793,0.48624369694340613,0.5720005,leakyrelu,64,0.25,1,2048,3,Normalized,mean_squared_error,5,val_custom_mae,<class 'tensorflow.python.keras.optimizer_v2.adam.Adam'>,custom_mae,20000
1,0.8324219254255295,0.5789997,0.19973607313248418,0.36276782,leakyrelu,64,0.25,1,2048,4,Normalized,mean_squared_error,1,val_custom_mae,<class 'tensorflow.python.keras.optimizer_v2.adam.Adam'>,custom_mae,20000
1,4.173141458749771,0.8815021,0.3046339731062612,0.474896,leakyrelu,64,0.25,1,2048,4,Normalized,mean_squared_error,2,val_custom_mae,<class 'tensorflow.python.keras.optimizer_v2.adam.Adam'>,custom_mae,20000
1,1362.8754453055858,10.238135,0.4667005668724737,0.56268734,leakyrelu,64,0.25,1,2048,4,Normalized,mean_squared_error,5,val_custom_mae,<class 'tensorflow.python.keras.optimizer_v2.adam.Adam'>,custom_mae,20000
1,49.464549002170564,1.7456899,0.24175069697441592,0.39914042,leakyrelu,64,0.25,1,4096,0,Normalized,mean_squared_error,1,val_custom_mae,<class 'tensorflow.python.keras.optimizer_v2.adam.Adam'>,custom_mae,20000
1,196.40263528680802,3.4335804,0.8185094056590911,0.7451668,leakyrelu,64,0.25,1,4096,0,Normalized,mean_squared_error,2,val_custom_mae,<class 'tensorflow.python.keras.optimizer_v2.adam.Adam'>,custom_mae,20000
1,1363.114161646366,9.713058,1.8343485151567767,1.1114978,leakyrelu,64,0.25,1,4096,0,Normalized,mean_squared_error,5,val_custom_mae,<class 'tensorflow.python.keras.optimizer_v2.adam.Adam'>,custom_mae,20000
1,82.59379639220238,1.8270539,0.3359807897959986,0.48202148,leakyrelu,64,0.25,1,4096,1,Normalized,mean_squared_error,1,val_custom_mae,<class 'tensorflow.python.keras.optimizer_v2.adam.Adam'>,custom_mae,20000
1,1645.5833284683229,9.101344,1.8305111046760314,1.1269394,leakyrelu,64,0.25,1,4096,1,Normalized,mean_squared_error,2,val_custom_mae,<class 'tensorflow.python.keras.optimizer_v2.adam.Adam'>,custom_mae,20000
1,61119.32458511353,58.04148,12.638834899471652,2.6316347,leakyrelu,64,0.25,1,4096,1,Normalized,mean_squared_error,5,val_custom_mae,<class 'tensorflow.python.keras.optimizer_v2.adam.Adam'>,custom_mae,20000
1,24.1607052577734,1.5584778,0.2555941581245392,0.4119446,leakyrelu,64,0.25,1,4096,2,Normalized,mean_squared_error,1,val_custom_mae,<class 'tensorflow.python.keras.optimizer_v2.adam.Adam'>,custom_mae,20000
1,1544.3299045655726,7.428055,1.1080616001159913,0.8814054,leakyrelu,64,0.25,1,4096,2,Normalized,mean_squared_error,2,val_custom_mae,<class 'tensorflow.python.keras.optimizer_v2.adam.Adam'>,custom_mae,20000
1,923523.8393784434,144.63309,28.711921138148153,3.7282333,leakyrelu,64,0.25,1,4096,2,Normalized,mean_squared_error,5,val_custom_mae,<class 'tensorflow.python.keras.optimizer_v2.adam.Adam'>,custom_mae,20000
1,9.93552389061451,1.103318,0.3414123337115011,0.48950276,leakyrelu,64,0.25,1,4096,3,Normalized,mean_squared_error,1,val_custom_mae,<class 'tensorflow.python.keras.optimizer_v2.adam.Adam'>,custom_mae,20000
1,721.4778663282394,6.0114865,0.3605942274293592,0.5044887,leakyrelu,64,0.25,1,4096,3,Normalized,mean_squared_error,2,val_custom_mae,<class 'tensorflow.python.keras.optimizer_v2.adam.Adam'>,custom_mae,20000
1,424825.3362818923,133.54135,327.96248159100935,17.67716,leakyrelu,64,0.25,1,4096,3,Normalized,mean_squared_error,5,val_custom_mae,<class 'tensorflow.python.keras.optimizer_v2.adam.Adam'>,custom_mae,20000
1,4.785033379435539,0.91698146,0.2914278139510462,0.4561644,leakyrelu,64,0.25,1,4096,4,Normalized,mean_squared_error,1,val_custom_mae,<class 'tensorflow.python.keras.optimizer_v2.adam.Adam'>,custom_mae,20000
1,109.30481480169296,2.8460813,0.33545472545008503,0.49062613,leakyrelu,64,0.25,1,4096,4,Normalized,mean_squared_error,2,val_custom_mae,<class 'tensorflow.python.keras.optimizer_v2.adam.Adam'>,custom_mae,20000
1,296150.60069332935,94.25714,15.265890782879245,3.3063214,leakyrelu,64,0.25,1,4096,4,Normalized,mean_squared_error,5,val_custom_mae,<class 'tensorflow.python.keras.optimizer_v2.adam.Adam'>,custom_mae,20000
1,12.210601780653,1.6429269,0.18965969547148673,0.34395018,leakyrelu,64,0.5,1,1024,0,Normalized,mean_squared_error,1,val_custom_mae,<class 'tensorflow.python.keras.optimizer_v2.adam.Adam'>,custom_mae,20000
1,44.29238137030602,2.8993928,0.23556130018926436,0.3868113,leakyrelu,64,0.5,1,1024,0,Normalized,mean_squared_error,2,val_custom_mae,<class 'tensorflow.python.keras.optimizer_v2.adam.Adam'>,custom_mae,20000
1,256.2154039504528,6.124265,0.4069318093599812,0.50378627,leakyrelu,64,0.5,1,1024,0,Normalized,mean_squared_error,5,val_custom_mae,<class 'tensorflow.python.keras.optimizer_v2.adam.Adam'>,custom_mae,20000
1,3.7955398285388946,0.92250764,0.22424023766671458,0.3876726,leakyrelu,64,0.5,1,1024,1,Normalized,mean_squared_error,1,val_custom_mae,<class 'tensorflow.python.keras.optimizer_v2.adam.Adam'>,custom_mae,20000
1,19.257438628673555,1.7308844,0.2371567917927619,0.40037575,leakyrelu,64,0.5,1,1024,1,Normalized,mean_squared_error,2,val_custom_mae,<class 'tensorflow.python.keras.optimizer_v2.adam.Adam'>,custom_mae,20000
1,818.5841332788467,9.287991,0.4112095111800778,0.522398,leakyrelu,64,0.5,1,1024,1,Normalized,mean_squared_error,5,val_custom_mae,<class 'tensorflow.python.keras.optimizer_v2.adam.Adam'>,custom_mae,20000
1,1.640223159313202,0.74732107,0.3001349030002471,0.47140208,leakyrelu,64,0.5,1,1024,2,Normalized,mean_squared_error,1,val_custom_mae,<class 'tensorflow.python.keras.optimizer_v2.adam.Adam'>,custom_mae,20000
1,7.687942823410034,1.1794094,0.297642428307764,0.4679167,leakyrelu,64,0.5,1,1024,2,Normalized,mean_squared_error,2,val_custom_mae,<class 'tensorflow.python.keras.optimizer_v2.adam.Adam'>,custom_mae,20000
1,162.943607070446,3.9568417,0.32388190396370425,0.4863679,leakyrelu,64,0.5,1,1024,2,Normalized,mean_squared_error,5,val_custom_mae,<class 'tensorflow.python.keras.optimizer_v2.adam.Adam'>,custom_mae,20000
1,1.0086357229948044,0.6747575,0.31207682745110604,0.48312145,leakyrelu,64,0.5,1,1024,3,Normalized,mean_squared_error,1,val_custom_mae,<class 'tensorflow.python.keras.optimizer_v2.adam.Adam'>,custom_mae,20000
1,2.382123832345009,0.83726615,0.31260798511005217,0.48353672,leakyrelu,64,0.5,1,1024,3,Normalized,mean_squared_error,2,val_custom_mae,<class 'tensorflow.python.keras.optimizer_v2.adam.Adam'>,custom_mae,20000
1,24.843412106990815,1.9089918,0.31061111582863715,0.48151797,leakyrelu,64,0.5,1,1024,3,Normalized,mean_squared_error,5,val_custom_mae,<class 'tensorflow.python.keras.optimizer_v2.adam.Adam'>,custom_mae,20000
1,1.3124995616674424,0.7244088,0.3129215502450543,0.48324755,leakyrelu,64,0.5,1,1024,4,Normalized,mean_squared_error,1,val_custom_mae,<class 'tensorflow.python.keras.optimizer_v2.adam.Adam'>,custom_mae,20000
1,3.091976780295372,0.917101,0.3129350307487672,0.48337567,leakyrelu,64,0.5,1,1024,4,Normalized,mean_squared_error,2,val_custom_mae,<class 'tensorflow.python.keras.optimizer_v2.adam.Adam'>,custom_mae,20000
1,17.76159221625328,1.6840649,0.31327163211760983,0.4835856,leakyrelu,64,0.5,1,1024,4,Normalized,mean_squared_error,5,val_custom_mae,<class 'tensorflow.python.keras.optimizer_v2.adam.Adam'>,custom_mae,20000
1,26.703811766147613,1.922341,0.21461976247449074,0.36392364,leakyrelu,64,0.5,1,2048,0,Normalized,mean_squared_error,1,val_custom_mae,<class 'tensorflow.python.keras.optimizer_v2.adam.Adam'>,custom_mae,20000
1,101.01468000459671,3.5842547,0.7517806791490124,0.68679243,leakyrelu,64,0.5,1,2048,0,Normalized,mean_squared_error,2,val_custom_mae,<class 'tensorflow.python.keras.optimizer_v2.adam.Adam'>,custom_mae,20000
1,612.6262566723824,7.875796,0.5522871935559858,0.61597526,leakyrelu,64,0.5,1,2048,0,Normalized,mean_squared_error,5,val_custom_mae,<class 'tensorflow.python.keras.optimizer_v2.adam.Adam'>,custom_mae,20000
1,12.394839455127716,1.4104928,0.1946258619427681,0.34685972,leakyrelu,64,0.5,1,2048,1,Normalized,mean_squared_error,1,val_custom_mae,<class 'tensorflow.python.keras.optimizer_v2.adam.Adam'>,custom_mae,20000
1,129.7611951828003,3.5597892,0.2625955191831435,0.42590454,leakyrelu,64,0.5,1,2048,1,Normalized,mean_squared_error,2,val_custom_mae,<class 'tensorflow.python.keras.optimizer_v2.adam.Adam'>,custom_mae,20000
1,5259.631419916153,19.430792,19.431143483807965,4.296726,leakyrelu,64,0.5,1,2048,1,Normalized,mean_squared_error,5,val_custom_mae,<class 'tensorflow.python.keras.optimizer_v2.adam.Adam'>,custom_mae,20000
1,4.9876341240406035,1.0377918,0.3008869845540293,0.46259028,leakyrelu,64,0.5,1,2048,2,Normalized,mean_squared_error,1,val_custom_mae,<class 'tensorflow.python.keras.optimizer_v2.adam.Adam'>,custom_mae,20000
1,35.00407355833054,2.2260277,0.3858677682376677,0.5108501,leakyrelu,64,0.5,1,2048,2,Normalized,mean_squared_error,2,val_custom_mae,<class 'tensorflow.python.keras.optimizer_v2.adam.Adam'>,custom_mae,20000
1,7025.936235538483,18.529646,0.6807566381269886,0.6593318,leakyrelu,64,0.5,1,2048,2,Normalized,mean_squared_error,5,val_custom_mae,<class 'tensorflow.python.keras.optimizer_v2.adam.Adam'>,custom_mae,20000
1,2.128779572248459,0.8237132,0.30969372896417496,0.48077047,leakyrelu,64,0.5,1,2048,3,Normalized,mean_squared_error,1,val_custom_mae,<class 'tensorflow.python.keras.optimizer_v2.adam.Adam'>,custom_mae,20000
1,9.401257501363755,1.3183184,0.31069492716943065,0.48141265,leakyrelu,64,0.5,1,2048,3,Normalized,mean_squared_error,2,val_custom_mae,<class 'tensorflow.python.keras.optimizer_v2.adam.Adam'>,custom_mae,20000
1,1567.929659526825,12.044882,0.7022020115006354,0.6766946,leakyrelu,64,0.5,1,2048,3,Normalized,mean_squared_error,5,val_custom_mae,<class 'tensorflow.python.keras.optimizer_v2.adam.Adam'>,custom_mae,20000
1,1.966724014878273,0.81106913,0.3129913667517324,0.4838335,leakyrelu,64,0.5,1,2048,4,Normalized,mean_squared_error,1,val_custom_mae,<class 'tensorflow.python.keras.optimizer_v2.adam.Adam'>,custom_mae,20000
1,6.401811731576919,1.1724851,0.31280749843966577,0.48367435,leakyrelu,64,0.5,1,2048,4,Normalized,mean_squared_error,2,val_custom_mae,<class 'tensorflow.python.keras.optimizer_v2.adam.Adam'>,custom_mae,20000
1,156.46466096973418,4.583751,0.31809813697491923,0.48577902,leakyrelu,64,0.5,1,2048,4,Normalized,mean_squared_error,5,val_custom_mae,<class 'tensorflow.python.keras.optimizer_v2.adam.Adam'>,custom_mae,20000
1,51.03273263835907,2.184166,0.23348107933998108,0.38622957,leakyrelu,64,0.5,1,4096,0,Normalized,mean_squared_error,1,val_custom_mae,<class 'tensorflow.python.keras.optimizer_v2.adam.Adam'>,custom_mae,20000
1,201.75366324806214,4.1115704,0.6999931085494256,0.6963398,leakyrelu,64,0.5,1,4096,0,Normalized,mean_squared_error,2,val_custom_mae,<class 'tensorflow.python.keras.optimizer_v2.adam.Adam'>,custom_mae,20000
1,1366.4667134456633,10.430448,0.5304784390234178,0.5680878,leakyrelu,64,0.5,1,4096,0,Normalized,mean_squared_error,5,val_custom_mae,<class 'tensorflow.python.keras.optimizer_v2.adam.Adam'>,custom_mae,20000
1,72.7379850358963,2.126774,0.2147239153423617,0.36407682,leakyrelu,64,0.5,1,4096,1,Normalized,mean_squared_error,1,val_custom_mae,<class 'tensorflow.python.keras.optimizer_v2.adam.Adam'>,custom_mae,20000
1,1415.939960062027,8.741204,0.6527027891528222,0.6743732,leakyrelu,64,0.5,1,4096,1,Normalized,mean_squared_error,2,val_custom_mae,<class 'tensorflow.python.keras.optimizer_v2.adam.Adam'>,custom_mae,20000
1,51578.96893859673,54.296177,35.42541731557539,5.638096,leakyrelu,64,0.5,1,4096,1,Normalized,mean_squared_error,5,val_custom_mae,<class 'tensorflow.python.keras.optimizer_v2.adam.Adam'>,custom_mae,20000
1,13.655422220230102,1.4529971,0.3199978554921766,0.4680107,leakyrelu,64,0.5,1,4096,2,Normalized,mean_squared_error,1,val_custom_mae,<class 'tensorflow.python.keras.optimizer_v2.adam.Adam'>,custom_mae,20000
1,392.9615295438766,5.900263,1.1826904358402375,0.9371765,leakyrelu,64,0.5,1,4096,2,Normalized,mean_squared_error,2,val_custom_mae,<class 'tensorflow.python.keras.optimizer_v2.adam.Adam'>,custom_mae,20000
1,141713.6865651541,80.21469,35.472114624515655,4.620196,leakyrelu,64,0.5,1,4096,2,Normalized,mean_squared_error,5,val_custom_mae,<class 'tensorflow.python.keras.optimizer_v2.adam.Adam'>,custom_mae,20000
1,7.690399164557457,1.26689,0.31013696640729904,0.47856697,leakyrelu,64,0.5,1,4096,3,Normalized,mean_squared_error,1,val_custom_mae,<class 'tensorflow.python.keras.optimizer_v2.adam.Adam'>,custom_mae,20000
1,172.52780256128312,4.1957316,1.2077118514045593,0.9249153,leakyrelu,64,0.5,1,4096,3,Normalized,mean_squared_error,2,val_custom_mae,<class 'tensorflow.python.keras.optimizer_v2.adam.Adam'>,custom_mae,20000
1,83730.8830611143,99.996376,0.7032464386955384,0.6573165,leakyrelu,64,0.5,1,4096,3,Normalized,mean_squared_error,5,val_custom_mae,<class 'tensorflow.python.keras.optimizer_v2.adam.Adam'>,custom_mae,20000
1,4.087310129523277,1.0462997,0.3118379507814684,0.48235133,leakyrelu,64,0.5,1,4096,4,Normalized,mean_squared_error,1,val_custom_mae,<class 'tensorflow.python.keras.optimizer_v2.adam.Adam'>,custom_mae,20000
1,30.033382310152053,2.1811132,0.31136809121216497,0.48202258,leakyrelu,64,0.5,1,4096,4,Normalized,mean_squared_error,2,val_custom_mae,<class 'tensorflow.python.keras.optimizer_v2.adam.Adam'>,custom_mae,20000
1,32063.545268749236,59.35119,0.6523249226231729,0.6557749,leakyrelu,64,0.5,1,4096,4,Normalized,mean_squared_error,5,val_custom_mae,<class 'tensorflow.python.keras.optimizer_v2.adam.Adam'>,custom_mae,20000
1,2.7325331593602895,0.47790822,0.10494918882846832,0.2207714,relu,32,0.25,1,1024,0,Normalized,mean_squared_error,1,val_custom_mae,<class 'tensorflow.python.keras.optimizer_v2.adam.Adam'>,custom_mae,20000
1,9.52823409922421,0.6917915,0.1308460510969162,0.26066658,relu,32,0.25,1,1024,0,Normalized,mean_squared_error,2,val_custom_mae,<class 'tensorflow.python.keras.optimizer_v2.adam.Adam'>,custom_mae,20000
1,61.3010130725801,1.3229948,0.15143128341436385,0.29255584,relu,32,0.25,1,1024,0,Normalized,mean_squared_error,5,val_custom_mae,<class 'tensorflow.python.keras.optimizer_v2.adam.Adam'>,custom_mae,20000
1,1.3325907793492078,0.48943588,0.11833722260594368,0.24156235,relu,32,0.25,1,1024,1,Normalized,mean_squared_error,1,val_custom_mae,<class 'tensorflow.python.keras.optimizer_v2.adam.Adam'>,custom_mae,20000
1,6.477833609819412,0.7103505,0.21708570539951325,0.38135153,relu,32,0.25,1,1024,1,Normalized,mean_squared_error,2,val_custom_mae,<class 'tensorflow.python.keras.optimizer_v2.adam.Adam'>,custom_mae,20000
1,112.77255558022857,1.0723088,0.21736917316913604,0.37936875,relu,32,0.25,1,1024,1,Normalized,mean_squared_error,5,val_custom_mae,<class 'tensorflow.python.keras.optimizer_v2.adam.Adam'>,custom_mae,20000
1,0.6125973210632801,0.47958413,0.14898591649532317,0.28339466,relu,32,0.25,1,1024,2,Normalized,mean_squared_error,1,val_custom_mae,<class 'tensorflow.python.keras.optimizer_v2.adam.Adam'>,custom_mae,20000
1,2.0960337518155576,0.63606346,0.31346006333827975,0.48365277,relu,32,0.25,1,1024,2,Normalized,mean_squared_error,2,val_custom_mae,<class 'tensorflow.python.keras.optimizer_v2.adam.Adam'>,custom_mae,20000
1,39.88747773095965,0.9183936,0.31359431850910185,0.4839744,relu,32,0.25,1,1024,2,Normalized,mean_squared_error,5,val_custom_mae,<class 'tensorflow.python.keras.optimizer_v2.adam.Adam'>,custom_mae,20000
1,0.3617940848469734,0.42308784,0.13164277178049089,0.26541257,relu,32,0.25,1,1024,3,Normalized,mean_squared_error,1,val_custom_mae,<class 'tensorflow.python.keras.optimizer_v2.adam.Adam'>,custom_mae,20000
1,0.8391527839303017,0.5501006,0.17915798509120942,0.32996425,relu,32,0.25,1,1024,3,Normalized,mean_squared_error,2,val_custom_mae,<class 'tensorflow.python.keras.optimizer_v2.adam.Adam'>,custom_mae,20000
1,8.587833965033292,0.75385153,0.31359746217727663,0.4836901,relu,32,0.25,1,1024,3,Normalized,mean_squared_error,5,val_custom_mae,<class 'tensorflow.python.keras.optimizer_v2.adam.Adam'>,custom_mae,20000
1,0.32826737731695177,0.4622766,0.19057077592611313,0.35188052,relu,32,0.25,1,1024,4,Normalized,mean_squared_error,1,val_custom_mae,<class 'tensorflow.python.keras.optimizer_v2.adam.Adam'>,custom_mae,20000
1,0.4936941213905811,0.52913445,0.25275870561599734,0.4195082,relu,32,0.25,1,1024,4,Normalized,mean_squared_error,2,val_custom_mae,<class 'tensorflow.python.keras.optimizer_v2.adam.Adam'>,custom_mae,20000
1,1.965823531061411,0.60114133,0.3134520409107208,0.48363647,relu,32,0.25,1,1024,4,Normalized,mean_squared_error,5,val_custom_mae,<class 'tensorflow.python.keras.optimizer_v2.adam.Adam'>,custom_mae,20000
1,5.247483626507223,0.60563976,0.10075695163011551,0.2150783,relu,32,0.25,1,2048,0,Normalized,mean_squared_error,1,val_custom_mae,<class 'tensorflow.python.keras.optimizer_v2.adam.Adam'>,custom_mae,20000
1,18.96573117506504,0.94357306,0.1182725082039833,0.2428191,relu,32,0.25,1,2048,0,Normalized,mean_squared_error,2,val_custom_mae,<class 'tensorflow.python.keras.optimizer_v2.adam.Adam'>,custom_mae,20000
1,130.45368282815815,1.9028615,0.1569051798582077,0.30202055,relu,32,0.25,1,2048,0,Normalized,mean_squared_error,5,val_custom_mae,<class 'tensorflow.python.keras.optimizer_v2.adam.Adam'>,custom_mae,20000
1,4.668039176225662,0.59255,0.16180073416233062,0.30540633,relu,32,0.25,1,2048,1,Normalized,mean_squared_error,1,val_custom_mae,<class 'tensorflow.python.keras.optimizer_v2.adam.Adam'>,custom_mae,20000
1,34.13891247479618,0.7915148,0.16286503028869628,0.31307876,relu,32,0.25,1,2048,1,Normalized,mean_squared_error,2,val_custom_mae,<class 'tensorflow.python.keras.optimizer_v2.adam.Adam'>,custom_mae,20000
1,928.0999607546031,2.1107104,0.22483490860462188,0.39541736,relu,32,0.25,1,2048,1,Normalized,mean_squared_error,5,val_custom_mae,<class 'tensorflow.python.keras.optimizer_v2.adam.Adam'>,custom_mae,20000
1,1.997015037715435,0.53908175,0.15443011754751204,0.30036277,relu,32,0.25,1,2048,2,Normalized,mean_squared_error,1,val_custom_mae,<class 'tensorflow.python.keras.optimizer_v2.adam.Adam'>,custom_mae,20000
1,21.224650624006987,0.7363984,0.3134899172782898,0.48375413,relu,32,0.25,1,2048,2,Normalized,mean_squared_error,2,val_custom_mae,<class 'tensorflow.python.keras.optimizer_v2.adam.Adam'>,custom_mae,20000
1,1545.2635626870394,2.1674778,0.3137612738609314,0.4841655,relu,32,0.25,1,2048,2,Normalized,mean_squared_error,5,val_custom_mae,<class 'tensorflow.python.keras.optimizer_v2.adam.Adam'>,custom_mae,20000
1,0.7076682563722133,0.51503825,0.14699252074956895,0.28697845,relu,32,0.25,1,2048,3,Normalized,mean_squared_error,1,val_custom_mae,<class 'tensorflow.python.keras.optimizer_v2.adam.Adam'>,custom_mae,20000
1,4.167616136103868,0.6835317,0.3126949677467346,0.4833278,relu,32,0.25,1,2048,3,Normalized,mean_squared_error,2,val_custom_mae,<class 'tensorflow.python.keras.optimizer_v2.adam.Adam'>,custom_mae,20000
1,301.8781991163194,1.4262866,0.31371863472461703,0.48412392,relu,32,0.25,1,2048,3,Normalized,mean_squared_error,5,val_custom_mae,<class 'tensorflow.python.keras.optimizer_v2.adam.Adam'>,custom_mae,20000
1,0.4385143374800682,0.49841803,0.16521774452924728,0.31392106,relu,32,0.25,1,2048,4,Normalized,mean_squared_error,1,val_custom_mae,<class 'tensorflow.python.keras.optimizer_v2.adam.Adam'>,custom_mae,20000
1,1.2180165737867354,0.5870613,0.30995298945903776,0.48124817,relu,32,0.25,1,2048,4,Normalized,mean_squared_error,2,val_custom_mae,<class 'tensorflow.python.keras.optimizer_v2.adam.Adam'>,custom_mae,20000
1,53.38113274434209,0.9442895,0.3139035122394562,0.48401308,relu,32,0.25,1,2048,4,Normalized,mean_squared_error,5,val_custom_mae,<class 'tensorflow.python.keras.optimizer_v2.adam.Adam'>,custom_mae,20000
1,10.795314861439168,0.5950877,0.10112426260113716,0.21407172,relu,32,0.25,1,4096,0,Normalized,mean_squared_error,1,val_custom_mae,<class 'tensorflow.python.keras.optimizer_v2.adam.Adam'>,custom_mae,20000
1,42.028975406728684,0.8939098,0.11685247841477395,0.23836488,relu,32,0.25,1,4096,0,Normalized,mean_squared_error,2,val_custom_mae,<class 'tensorflow.python.keras.optimizer_v2.adam.Adam'>,custom_mae,20000
1,322.9334193301052,1.7969885,0.12551569962501527,0.25288647,relu,32,0.25,1,4096,0,Normalized,mean_squared_error,5,val_custom_mae,<class 'tensorflow.python.keras.optimizer_v2.adam.Adam'>,custom_mae,20000
1,18.63177963875234,0.5913123,0.13202938544750215,0.27049232,relu,32,0.25,1,4096,1,Normalized,mean_squared_error,1,val_custom_mae,<class 'tensorflow.python.keras.optimizer_v2.adam.Adam'>,custom_mae,20000
1,190.79049588006734,0.94435817,0.10908589148521423,0.2321906,relu,32,0.25,1,4096,1,Normalized,mean_squared_error,2,val_custom_mae,<class 'tensorflow.python.keras.optimizer_v2.adam.Adam'>,custom_mae,20000
1,6502.51467926909,3.41821,0.15628666651248932,0.30436638,relu,32,0.25,1,4096,1,Normalized,mean_squared_error,5,val_custom_mae,<class 'tensorflow.python.keras.optimizer_v2.adam.Adam'>,custom_mae,20000
1,5.06035747474432,0.57830983,0.14512389534711836,0.28687656,relu,32,0.25,1,4096,2,Normalized,mean_squared_error,1,val_custom_mae,<class 'tensorflow.python.keras.optimizer_v2.adam.Adam'>,custom_mae,20000
1,77.80003003586829,0.93897235,0.146230510532856,0.2863194,relu,32,0.25,1,4096,2,Normalized,mean_squared_error,2,val_custom_mae,<class 'tensorflow.python.keras.optimizer_v2.adam.Adam'>,custom_mae,20000
1,7534.620770257711,5.1060085,0.27185714399814603,0.4448109,relu,32,0.25,1,4096,2,Normalized,mean_squared_error,5,val_custom_mae,<class 'tensorflow.python.keras.optimizer_v2.adam.Adam'>,custom_mae,20000
1,2.564294034898281,0.5427318,0.14562206739187242,0.28762814,relu,32,0.25,1,4096,3,Normalized,mean_squared_error,1,val_custom_mae,<class 'tensorflow.python.keras.optimizer_v2.adam.Adam'>,custom_mae,20000
1,59.141510367751124,0.8778708,0.2215811948776245,0.38537192,relu,32,0.25,1,4096,3,Normalized,mean_squared_error,2,val_custom_mae,<class 'tensorflow.python.keras.optimizer_v2.adam.Adam'>,custom_mae,20000
1,16852.483438215255,6.052043,0.31345212829113006,0.48382723,relu,32,0.25,1,4096,3,Normalized,mean_squared_error,5,val_custom_mae,<class 'tensorflow.python.keras.optimizer_v2.adam.Adam'>,custom_mae,20000
1,1.2893596063256263,0.52293277,0.1635466429591179,0.31390333,relu,32,0.25,1,4096,4,Normalized,mean_squared_error,1,val_custom_mae,<class 'tensorflow.python.keras.optimizer_v2.adam.Adam'>,custom_mae,20000
1,27.09575644311309,0.76556623,0.22314450120925902,0.38619456,relu,32,0.25,1,4096,4,Normalized,mean_squared_error,2,val_custom_mae,<class 'tensorflow.python.keras.optimizer_v2.adam.Adam'>,custom_mae,20000
1,11817.523302812606,5.221453,0.31381004202365875,0.48421595,relu,32,0.25,1,4096,4,Normalized,mean_squared_error,5,val_custom_mae,<class 'tensorflow.python.keras.optimizer_v2.adam.Adam'>,custom_mae,20000
1,2.4479292210638524,0.52140844,0.12633550789952278,0.25721037,relu,32,0.5,1,1024,0,Normalized,mean_squared_error,1,val_custom_mae,<class 'tensorflow.python.keras.optimizer_v2.adam.Adam'>,custom_mae,20000
1,8.28134220099449,0.70274574,0.14944167852401732,0.29422113,relu,32,0.5,1,1024,0,Normalized,mean_squared_error,2,val_custom_mae,<class 'tensorflow.python.keras.optimizer_v2.adam.Adam'>,custom_mae,20000
1,52.39413225409388,1.2682513,0.19263533133268357,0.34853235,relu,32,0.5,1,1024,0,Normalized,mean_squared_error,5,val_custom_mae,<class 'tensorflow.python.keras.optimizer_v2.adam.Adam'>,custom_mae,20000
1,1.2082147478759289,0.5407914,0.16458000814914703,0.31876782,relu,32,0.5,1,1024,1,Normalized,mean_squared_error,1,val_custom_mae,<class 'tensorflow.python.keras.optimizer_v2.adam.Adam'>,custom_mae,20000
1,4.849743227779865,0.7059147,0.17252016258239747,0.33057627,relu,32,0.5,1,1024,1,Normalized,mean_squared_error,2,val_custom_mae,<class 'tensorflow.python.keras.optimizer_v2.adam.Adam'>,custom_mae,20000
1,68.99192630016803,1.1425757,0.31359647130966184,0.48397034,relu,32,0.5,1,1024,1,Normalized,mean_squared_error,5,val_custom_mae,<class 'tensorflow.python.keras.optimizer_v2.adam.Adam'>,custom_mae,20000
1,0.6461709460318088,0.51773864,0.21507766044139862,0.38380152,relu,32,0.5,1,1024,2,Normalized,mean_squared_error,1,val_custom_mae,<class 'tensorflow.python.keras.optimizer_v2.adam.Adam'>,custom_mae,20000
1,1.54245317786932,0.6188451,0.22295759201049806,0.39064962,relu,32,0.5,1,1024,2,Normalized,mean_squared_error,2,val_custom_mae,<class 'tensorflow.python.keras.optimizer_v2.adam.Adam'>,custom_mae,20000
1,12.865615481883287,0.84341127,0.3135586298704147,0.483824,relu,32,0.5,1,1024,2,Normalized,mean_squared_error,5,val_custom_mae,<class 'tensorflow.python.keras.optimizer_v2.adam.Adam'>,custom_mae,20000
1,0.6495536198318005,0.5558312,0.26118880784511567,0.4333668,relu,32,0.5,1,1024,3,Normalized,mean_squared_error,1,val_custom_mae,<class 'tensorflow.python.keras.optimizer_v2.adam.Adam'>,custom_mae,20000
1,1.2794490240812302,0.6263721,0.30463143360614775,0.47559562,relu,32,0.5,1,1024,3,Normalized,mean_squared_error,2,val_custom_mae,<class 'tensorflow.python.keras.optimizer_v2.adam.Adam'>,custom_mae,20000
1,7.932159693598747,0.866904,0.31355350255966186,0.4837808,relu,32,0.5,1,1024,3,Normalized,mean_squared_error,5,val_custom_mae,<class 'tensorflow.python.keras.optimizer_v2.adam.Adam'>,custom_mae,20000
1,0.7267483903169631,0.5816617,0.31341366410255433,0.48362273,relu,32,0.5,1,1024,4,Normalized,mean_squared_error,1,val_custom_mae,<class 'tensorflow.python.keras.optimizer_v2.adam.Adam'>,custom_mae,20000
1,1.2512773740887642,0.6371815,0.31344578564167025,0.4837425,relu,32,0.5,1,1024,4,Normalized,mean_squared_error,2,val_custom_mae,<class 'tensorflow.python.keras.optimizer_v2.adam.Adam'>,custom_mae,20000
1,3.8408040240705015,0.7476121,0.3134927477836609,0.48373708,relu,32,0.5,1,1024,4,Normalized,mean_squared_error,5,val_custom_mae,<class 'tensorflow.python.keras.optimizer_v2.adam.Adam'>,custom_mae,20000
1,4.7930685043931005,0.59864193,0.1161145171225071,0.23959328,relu,32,0.5,1,2048,0,Normalized,mean_squared_error,1,val_custom_mae,<class 'tensorflow.python.keras.optimizer_v2.adam.Adam'>,custom_mae,20000
1,16.805660637125374,0.86747324,0.1324096560180187,0.26569638,relu,32,0.5,1,2048,0,Normalized,mean_squared_error,2,val_custom_mae,<class 'tensorflow.python.keras.optimizer_v2.adam.Adam'>,custom_mae,20000
1,110.81376591962577,1.7076304,0.18725785559415817,0.34051973,relu,32,0.5,1,2048,0,Normalized,mean_squared_error,5,val_custom_mae,<class 'tensorflow.python.keras.optimizer_v2.adam.Adam'>,custom_mae,20000
1,3.4321310032606123,0.64285547,0.17080609863996507,0.32308248,relu,32,0.5,1,2048,1,Normalized,mean_squared_error,1,val_custom_mae,<class 'tensorflow.python.keras.optimizer_v2.adam.Adam'>,custom_mae,20000
1,22.00440456959605,0.91250163,0.3123132528066635,0.48271254,relu,32,0.5,1,2048,1,Normalized,mean_squared_error,2,val_custom_mae,<class 'tensorflow.python.keras.optimizer_v2.adam.Adam'>,custom_mae,20000
1,539.5633958254457,1.827042,0.3099378648996353,0.4809849,relu,32,0.5,1,2048,1,Normalized,mean_squared_error,5,val_custom_mae,<class 'tensorflow.python.keras.optimizer_v2.adam.Adam'>,custom_mae,20000
1,1.4212640583515168,0.59223014,0.19467518651485444,0.3546927,relu,32,0.5,1,2048,2,Normalized,mean_squared_error,1,val_custom_mae,<class 'tensorflow.python.keras.optimizer_v2.adam.Adam'>,custom_mae,20000
1,8.511857126027346,0.79330003,0.3134765671491623,0.48368603,relu,32,0.5,1,2048,2,Normalized,mean_squared_error,2,val_custom_mae,<class 'tensorflow.python.keras.optimizer_v2.adam.Adam'>,custom_mae,20000
1,370.39189284837244,1.5036448,0.31372548949718476,0.48413417,relu,32,0.5,1,2048,2,Normalized,mean_squared_error,5,val_custom_mae,<class 'tensorflow.python.keras.optimizer_v2.adam.Adam'>,custom_mae,20000
1,0.9600089500844479,0.6032838,0.24498791122436522,0.41446823,relu,32,0.5,1,2048,3,Normalized,mean_squared_error,1,val_custom_mae,<class 'tensorflow.python.keras.optimizer_v2.adam.Adam'>,custom_mae,20000
1,2.641805058091879,0.70451945,0.31283833491802215,0.4829859,relu,32,0.5,1,2048,3,Normalized,mean_squared_error,2,val_custom_mae,<class 'tensorflow.python.keras.optimizer_v2.adam.Adam'>,custom_mae,20000
1,63.7911015689075,1.1571319,0.31355153250694273,0.48391107,relu,32,0.5,1,2048,3,Normalized,mean_squared_error,5,val_custom_mae,<class 'tensorflow.python.keras.optimizer_v2.adam.Adam'>,custom_mae,20000
1,1.0956688616275787,0.64233565,0.31328830528259277,0.48389933,relu,32,0.5,1,2048,4,Normalized,mean_squared_error,1,val_custom_mae,<class 'tensorflow.python.keras.optimizer_v2.adam.Adam'>,custom_mae,20000
1,2.5584035929739475,0.73548526,0.3136486384868622,0.48406237,relu,32,0.5,1,2048,4,Normalized,mean_squared_error,2,val_custom_mae,<class 'tensorflow.python.keras.optimizer_v2.adam.Adam'>,custom_mae,20000
1,10.933080152451993,0.9136226,0.3135018258094788,0.4836264,relu,32,0.5,1,2048,4,Normalized,mean_squared_error,5,val_custom_mae,<class 'tensorflow.python.keras.optimizer_v2.adam.Adam'>,custom_mae,20000
1,10.452729125633835,0.6674063,0.12366379401087761,0.24811107,relu,32,0.5,1,4096,0,Normalized,mean_squared_error,1,val_custom_mae,<class 'tensorflow.python.keras.optimizer_v2.adam.Adam'>,custom_mae,20000
1,39.68015996418893,1.0106192,0.13109396198391915,0.26305598,relu,32,0.5,1,4096,0,Normalized,mean_squared_error,2,val_custom_mae,<class 'tensorflow.python.keras.optimizer_v2.adam.Adam'>,custom_mae,20000
1,295.005300614357,1.9535252,0.15662312191724778,0.299123,relu,32,0.5,1,4096,0,Normalized,mean_squared_error,5,val_custom_mae,<class 'tensorflow.python.keras.optimizer_v2.adam.Adam'>,custom_mae,20000
1,12.274704648762942,0.6598645,0.21984217488765717,0.39234746,relu,32,0.5,1,4096,1,Normalized,mean_squared_error,1,val_custom_mae,<class 'tensorflow.python.keras.optimizer_v2.adam.Adam'>,custom_mae,20000
1,111.33232575938105,0.9780308,0.2045187484025955,0.36737064,relu,32,0.5,1,4096,1,Normalized,mean_squared_error,2,val_custom_mae,<class 'tensorflow.python.keras.optimizer_v2.adam.Adam'>,custom_mae,20000
1,3497.673059638053,2.8929954,0.3134842171669006,0.4842419,relu,32,0.5,1,4096,1,Normalized,mean_squared_error,5,val_custom_mae,<class 'tensorflow.python.keras.optimizer_v2.adam.Adam'>,custom_mae,20000
1,2.3340163669586182,0.6374812,0.225024134516716,0.39368397,relu,32,0.5,1,4096,2,Normalized,mean_squared_error,1,val_custom_mae,<class 'tensorflow.python.keras.optimizer_v2.adam.Adam'>,custom_mae,20000
1,19.966191848039628,0.8481874,0.3134690784215927,0.48378387,relu,32,0.5,1,4096,2,Normalized,mean_squared_error,2,val_custom_mae,<class 'tensorflow.python.keras.optimizer_v2.adam.Adam'>,custom_mae,20000
1,1422.4980333486199,3.2516427,0.31357592833042147,0.484302,relu,32,0.5,1,4096,2,Normalized,mean_squared_error,5,val_custom_mae,<class 'tensorflow.python.keras.optimizer_v2.adam.Adam'>,custom_mae,20000
1,1.9251526886224746,0.675498,0.26758572006225584,0.43968946,relu,32,0.5,1,4096,3,Normalized,mean_squared_error,1,val_custom_mae,<class 'tensorflow.python.keras.optimizer_v2.adam.Adam'>,custom_mae,20000
1,18.93694248998165,0.9076555,0.31349658823013304,0.48375225,relu,32,0.5,1,4096,3,Normalized,mean_squared_error,2,val_custom_mae,<class 'tensorflow.python.keras.optimizer_v2.adam.Adam'>,custom_mae,20000
1,3067.1440325463714,3.4314294,0.3137533484697342,0.48416844,relu,32,0.5,1,4096,3,Normalized,mean_squared_error,5,val_custom_mae,<class 'tensorflow.python.keras.optimizer_v2.adam.Adam'>,custom_mae,20000
1,1.4807377510368824,0.66695046,0.3124880027770996,0.4831901,relu,32,0.5,1,4096,4,Normalized,mean_squared_error,1,val_custom_mae,<class 'tensorflow.python.keras.optimizer_v2.adam.Adam'>,custom_mae,20000
1,5.9771561604738235,0.81319714,0.31340635526180266,0.48351315,relu,32,0.5,1,4096,4,Normalized,mean_squared_error,2,val_custom_mae,<class 'tensorflow.python.keras.optimizer_v2.adam.Adam'>,custom_mae,20000
1,774.8999513224661,1.958017,0.3137081382274628,0.48411417,relu,32,0.5,1,4096,4,Normalized,mean_squared_error,5,val_custom_mae,<class 'tensorflow.python.keras.optimizer_v2.adam.Adam'>,custom_mae,20000
1,5.59909810936451,0.6721167,0.1294281530764795,0.26071146,relu,64,0.25,1,1024,0,Normalized,mean_squared_error,1,val_custom_mae,<class 'tensorflow.python.keras.optimizer_v2.adam.Adam'>,custom_mae,20000
1,20.16509768602252,1.0757878,0.13458754446718,0.26694426,relu,64,0.25,1,1024,0,Normalized,mean_squared_error,2,val_custom_mae,<class 'tensorflow.python.keras.optimizer_v2.adam.Adam'>,custom_mae,20000
1,130.01789881622793,2.24227,0.1944284540030264,0.350124,relu,64,0.25,1,1024,0,Normalized,mean_squared_error,5,val_custom_mae,<class 'tensorflow.python.keras.optimizer_v2.adam.Adam'>,custom_mae,20000
1,2.762675541937351,0.6782494,0.13322114920423878,0.2663004,relu,64,0.25,1,1024,1,Normalized,mean_squared_error,1,val_custom_mae,<class 'tensorflow.python.keras.optimizer_v2.adam.Adam'>,custom_mae,20000
1,14.319485199570655,0.9534276,0.24615579194599582,0.41796964,relu,64,0.25,1,1024,1,Normalized,mean_squared_error,2,val_custom_mae,<class 'tensorflow.python.keras.optimizer_v2.adam.Adam'>,custom_mae,20000
1,259.34817465227843,1.7812862,0.2431684867028267,0.41393524,relu,64,0.25,1,1024,1,Normalized,mean_squared_error,5,val_custom_mae,<class 'tensorflow.python.keras.optimizer_v2.adam.Adam'>,custom_mae,20000
1,0.7876387599110604,0.56190664,0.1678545991739919,0.31786528,relu,64,0.25,1,1024,2,Normalized,mean_squared_error,1,val_custom_mae,<class 'tensorflow.python.keras.optimizer_v2.adam.Adam'>,custom_mae,20000
1,2.7133959807157515,0.7082093,0.3133019915511531,0.48360017,relu,64,0.25,1,1024,2,Normalized,mean_squared_error,2,val_custom_mae,<class 'tensorflow.python.keras.optimizer_v2.adam.Adam'>,custom_mae,20000
1,47.535391030788425,1.1443895,0.3134450965350674,0.4839174,relu,64,0.25,1,1024,2,Normalized,mean_squared_error,5,val_custom_mae,<class 'tensorflow.python.keras.optimizer_v2.adam.Adam'>,custom_mae,20000
1,0.46297730749845506,0.4971308,0.15075441654170713,0.29317814,relu,64,0.25,1,1024,3,Normalized,mean_squared_error,1,val_custom_mae,<class 'tensorflow.python.keras.optimizer_v2.adam.Adam'>,custom_mae,20000
1,1.2165457334518432,0.62295,0.29574208970992794,0.4659703,relu,64,0.25,1,1024,3,Normalized,mean_squared_error,2,val_custom_mae,<class 'tensorflow.python.keras.optimizer_v2.adam.Adam'>,custom_mae,20000
1,17.149971757292747,0.9437735,0.31348938326681813,0.48396182,relu,64,0.25,1,1024,3,Normalized,mean_squared_error,5,val_custom_mae,<class 'tensorflow.python.keras.optimizer_v2.adam.Adam'>,custom_mae,20000
1,0.4226771908402443,0.5223801,0.26789209486976745,0.44126794,relu,64,0.25,1,1024,4,Normalized,mean_squared_error,1,val_custom_mae,<class 'tensorflow.python.keras.optimizer_v2.adam.Adam'>,custom_mae,20000
1,0.8130123709440231,0.58633083,0.31326561060643965,0.48372087,relu,64,0.25,1,1024,4,Normalized,mean_squared_error,2,val_custom_mae,<class 'tensorflow.python.keras.optimizer_v2.adam.Adam'>,custom_mae,20000
1,11.084988687872887,0.8194221,0.3133539805008519,0.48416358,relu,64,0.25,1,1024,4,Normalized,mean_squared_error,5,val_custom_mae,<class 'tensorflow.python.keras.optimizer_v2.adam.Adam'>,custom_mae,20000
1,10.567411380201579,0.99250674,0.11769500002264977,0.24232918,relu,64,0.25,1,2048,0,Normalized,mean_squared_error,1,val_custom_mae,<class 'tensorflow.python.keras.optimizer_v2.adam.Adam'>,custom_mae,20000
1,38.47519680905342,1.6428536,0.12954940863194003,0.2604321,relu,64,0.25,1,2048,0,Normalized,mean_squared_error,2,val_custom_mae,<class 'tensorflow.python.keras.optimizer_v2.adam.Adam'>,custom_mae,20000
1,264.1412288827896,3.548213,0.18811955206817196,0.33987427,relu,64,0.25,1,2048,0,Normalized,mean_squared_error,5,val_custom_mae,<class 'tensorflow.python.keras.optimizer_v2.adam.Adam'>,custom_mae,20000
1,9.398255327701568,0.7908733,0.16530286112139303,0.31912816,relu,64,0.25,1,2048,1,Normalized,mean_squared_error,1,val_custom_mae,<class 'tensorflow.python.keras.optimizer_v2.adam.Adam'>,custom_mae,20000
1,73.49418074649573,1.2023844,0.1680194460336239,0.324741,relu,64,0.25,1,2048,1,Normalized,mean_squared_error,2,val_custom_mae,<class 'tensorflow.python.keras.optimizer_v2.adam.Adam'>,custom_mae,20000
1,2094.997076806724,3.832163,0.22543676798382112,0.39308497,relu,64,0.25,1,2048,1,Normalized,mean_squared_error,5,val_custom_mae,<class 'tensorflow.python.keras.optimizer_v2.adam.Adam'>,custom_mae,20000
1,4.120280529558658,0.6592899,0.17380962568906047,0.32218692,relu,64,0.25,1,2048,2,Normalized,mean_squared_error,1,val_custom_mae,<class 'tensorflow.python.keras.optimizer_v2.adam.Adam'>,custom_mae,20000
1,49.953161845445635,1.0113386,0.3133371534847444,0.4837251,relu,64,0.25,1,2048,2,Normalized,mean_squared_error,2,val_custom_mae,<class 'tensorflow.python.keras.optimizer_v2.adam.Adam'>,custom_mae,20000
1,3969.037249327898,4.371233,0.3136961099601561,0.4841749,relu,64,0.25,1,2048,2,Normalized,mean_squared_error,5,val_custom_mae,<class 'tensorflow.python.keras.optimizer_v2.adam.Adam'>,custom_mae,20000
1,0.9588466195464134,0.585741,0.20109720239716192,0.35835654,relu,64,0.25,1,2048,3,Normalized,mean_squared_error,1,val_custom_mae,<class 'tensorflow.python.keras.optimizer_v2.adam.Adam'>,custom_mae,20000
1,6.844991524279117,0.7973961,0.3110282454759844,0.481369,relu,64,0.25,1,2048,3,Normalized,mean_squared_error,2,val_custom_mae,<class 'tensorflow.python.keras.optimizer_v2.adam.Adam'>,custom_mae,20000
1,526.2405976803303,2.1671884,0.31361667042778385,0.48410672,relu,64,0.25,1,2048,3,Normalized,mean_squared_error,5,val_custom_mae,<class 'tensorflow.python.keras.optimizer_v2.adam.Adam'>,custom_mae,20000
1,0.49767218428850174,0.5220555,0.18381982861507323,0.33085316,relu,64,0.25,1,2048,4,Normalized,mean_squared_error,1,val_custom_mae,<class 'tensorflow.python.keras.optimizer_v2.adam.Adam'>,custom_mae,20000
1,1.5773383586406708,0.6260149,0.31025030271660897,0.4813067,relu,64,0.25,1,2048,4,Normalized,mean_squared_error,2,val_custom_mae,<class 'tensorflow.python.keras.optimizer_v2.adam.Adam'>,custom_mae,20000
1,78.88979475975037,1.1320516,0.3136683178524817,0.48367196,relu,64,0.25,1,2048,4,Normalized,mean_squared_error,5,val_custom_mae,<class 'tensorflow.python.keras.optimizer_v2.adam.Adam'>,custom_mae,20000
1,22.274674981504678,0.9535352,0.11290254281653513,0.23832954,relu,64,0.25,1,4096,0,Normalized,mean_squared_error,1,val_custom_mae,<class 'tensorflow.python.keras.optimizer_v2.adam.Adam'>,custom_mae,20000
1,86.91260559058189,1.5145032,0.12024089838227918,0.24908176,relu,64,0.25,1,4096,0,Normalized,mean_squared_error,2,val_custom_mae,<class 'tensorflow.python.keras.optimizer_v2.adam.Adam'>,custom_mae,20000
1,665.320127104938,3.354518,0.14556964811298154,0.28484258,relu,64,0.25,1,4096,0,Normalized,mean_squared_error,5,val_custom_mae,<class 'tensorflow.python.keras.optimizer_v2.adam.Adam'>,custom_mae,20000
1,43.173380050629376,0.85873216,0.15892528838688327,0.30563927,relu,64,0.25,1,4096,1,Normalized,mean_squared_error,1,val_custom_mae,<class 'tensorflow.python.keras.optimizer_v2.adam.Adam'>,custom_mae,20000
1,463.4922010024786,1.7161173,0.12013869432191696,0.24639721,relu,64,0.25,1,4096,1,Normalized,mean_squared_error,2,val_custom_mae,<class 'tensorflow.python.keras.optimizer_v2.adam.Adam'>,custom_mae,20000
1,16353.600747973978,7.8670125,0.1602302014587387,0.3081306,relu,64,0.25,1,4096,1,Normalized,mean_squared_error,5,val_custom_mae,<class 'tensorflow.python.keras.optimizer_v2.adam.Adam'>,custom_mae,20000
1,13.463085516929626,0.78736633,0.1439603301546266,0.28598502,relu,64,0.25,1,4096,2,Normalized,mean_squared_error,1,val_custom_mae,<class 'tensorflow.python.keras.optimizer_v2.adam.Adam'>,custom_mae,20000
1,224.65531899547577,1.6664776,0.17456321274080583,0.3214922,relu,64,0.25,1,4096,2,Normalized,mean_squared_error,2,val_custom_mae,<class 'tensorflow.python.keras.optimizer_v2.adam.Adam'>,custom_mae,20000
1,23141.99425875175,11.912931,0.3134346320744484,0.48403528,relu,64,0.25,1,4096,2,Normalized,mean_squared_error,5,val_custom_mae,<class 'tensorflow.python.keras.optimizer_v2.adam.Adam'>,custom_mae,20000
1,5.9509719308018685,0.7091422,0.21818235828991858,0.38337868,relu,64,0.25,1,4096,3,Normalized,mean_squared_error,1,val_custom_mae,<class 'tensorflow.python.keras.optimizer_v2.adam.Adam'>,custom_mae,20000
1,158.8187498563528,1.354839,0.2492072757694029,0.42049268,relu,64,0.25,1,4096,3,Normalized,mean_squared_error,2,val_custom_mae,<class 'tensorflow.python.keras.optimizer_v2.adam.Adam'>,custom_mae,20000
1,49257.023285790325,13.294019,0.3132949745462787,0.48367,relu,64,0.25,1,4096,3,Normalized,mean_squared_error,5,val_custom_mae,<class 'tensorflow.python.keras.optimizer_v2.adam.Adam'>,custom_mae,20000
1,2.0327459284067153,0.63652885,0.2984939150271877,0.4691163,relu,64,0.25,1,4096,4,Normalized,mean_squared_error,1,val_custom_mae,<class 'tensorflow.python.keras.optimizer_v2.adam.Adam'>,custom_mae,20000
1,44.90124376511574,0.98779565,0.31370157436017065,0.48402858,relu,64,0.25,1,4096,4,Normalized,mean_squared_error,2,val_custom_mae,<class 'tensorflow.python.keras.optimizer_v2.adam.Adam'>,custom_mae,20000
1,19812.72631272161,8.77184,0.3136821711255658,0.48416477,relu,64,0.25,1,4096,4,Normalized,mean_squared_error,5,val_custom_mae,<class 'tensorflow.python.keras.optimizer_v2.adam.Adam'>,custom_mae,20000
1,4.986163367271423,0.7361619,0.15604659554458433,0.3022981,relu,64,0.5,1,1024,0,Normalized,mean_squared_error,1,val_custom_mae,<class 'tensorflow.python.keras.optimizer_v2.adam.Adam'>,custom_mae,20000
1,17.230302812457083,1.0581893,0.19358542273121496,0.35420093,relu,64,0.5,1,1024,0,Normalized,mean_squared_error,2,val_custom_mae,<class 'tensorflow.python.keras.optimizer_v2.adam.Adam'>,custom_mae,20000
1,108.15391359806061,1.9888364,0.2720055383059286,0.44023138,relu,64,0.5,1,1024,0,Normalized,mean_squared_error,5,val_custom_mae,<class 'tensorflow.python.keras.optimizer_v2.adam.Adam'>,custom_mae,20000
1,2.075724761247635,0.65742975,0.16146518530384188,0.31381547,relu,64,0.5,1,1024,1,Normalized,mean_squared_error,1,val_custom_mae,<class 'tensorflow.python.keras.optimizer_v2.adam.Adam'>,custom_mae,20000
1,9.416480804085731,0.9838096,0.23717397138957055,0.40399683,relu,64,0.5,1,1024,1,Normalized,mean_squared_error,2,val_custom_mae,<class 'tensorflow.python.keras.optimizer_v2.adam.Adam'>,custom_mae,20000
1,141.07454913878442,1.7427481,0.3134829714413612,0.4839649,relu,64,0.5,1,1024,1,Normalized,mean_squared_error,5,val_custom_mae,<class 'tensorflow.python.keras.optimizer_v2.adam.Adam'>,custom_mae,20000
1,0.7862367322444915,0.55396366,0.2178502303938712,0.38904056,relu,64,0.5,1,1024,2,Normalized,mean_squared_error,1,val_custom_mae,<class 'tensorflow.python.keras.optimizer_v2.adam.Adam'>,custom_mae,20000
1,2.4778824335336687,0.71158594,0.26873373408471385,0.44085056,relu,64,0.5,1,1024,2,Normalized,mean_squared_error,2,val_custom_mae,<class 'tensorflow.python.keras.optimizer_v2.adam.Adam'>,custom_mae,20000
1,23.69277968466282,1.028161,0.31330743335908456,0.48358166,relu,64,0.5,1,1024,2,Normalized,mean_squared_error,5,val_custom_mae,<class 'tensorflow.python.keras.optimizer_v2.adam.Adam'>,custom_mae,20000
1,0.6235092134475708,0.565168,0.2952164327425341,0.46493268,relu,64,0.5,1,1024,3,Normalized,mean_squared_error,1,val_custom_mae,<class 'tensorflow.python.keras.optimizer_v2.adam.Adam'>,custom_mae,20000
1,1.0917332821488381,0.61881274,0.2874228276552693,0.45803383,relu,64,0.5,1,1024,3,Normalized,mean_squared_error,2,val_custom_mae,<class 'tensorflow.python.keras.optimizer_v2.adam.Adam'>,custom_mae,20000
1,5.290888762593269,0.8235456,0.3132730948348199,0.48353213,relu,64,0.5,1,1024,3,Normalized,mean_squared_error,5,val_custom_mae,<class 'tensorflow.python.keras.optimizer_v2.adam.Adam'>,custom_mae,20000
1,0.7513802758455277,0.6005644,0.31327763968898403,0.48359048,relu,64,0.5,1,1024,4,Normalized,mean_squared_error,1,val_custom_mae,<class 'tensorflow.python.keras.optimizer_v2.adam.Adam'>,custom_mae,20000
1,1.2504420735836028,0.6591242,0.31326626289275383,0.4836802,relu,64,0.5,1,1024,4,Normalized,mean_squared_error,2,val_custom_mae,<class 'tensorflow.python.keras.optimizer_v2.adam.Adam'>,custom_mae,20000
1,4.604760151028633,0.82809657,0.3132699252136292,0.4835355,relu,64,0.5,1,1024,4,Normalized,mean_squared_error,5,val_custom_mae,<class 'tensorflow.python.keras.optimizer_v2.adam.Adam'>,custom_mae,20000
1,9.571825577676297,0.93184453,0.13016702583239925,0.25933042,relu,64,0.5,1,2048,0,Normalized,mean_squared_error,1,val_custom_mae,<class 'tensorflow.python.keras.optimizer_v2.adam.Adam'>,custom_mae,20000
1,34.02856795620918,1.4677416,0.1653167481624311,0.30976173,relu,64,0.5,1,2048,0,Normalized,mean_squared_error,2,val_custom_mae,<class 'tensorflow.python.keras.optimizer_v2.adam.Adam'>,custom_mae,20000
1,225.18452156072854,3.2534187,0.19838926099961804,0.35346252,relu,64,0.5,1,2048,0,Normalized,mean_squared_error,5,val_custom_mae,<class 'tensorflow.python.keras.optimizer_v2.adam.Adam'>,custom_mae,20000
1,7.470666672587395,0.8377932,0.22539750702919498,0.39589095,relu,64,0.5,1,2048,1,Normalized,mean_squared_error,1,val_custom_mae,<class 'tensorflow.python.keras.optimizer_v2.adam.Adam'>,custom_mae,20000
1,53.040604963958266,1.2395155,0.27369452940840877,0.448591,relu,64,0.5,1,2048,1,Normalized,mean_squared_error,2,val_custom_mae,<class 'tensorflow.python.keras.optimizer_v2.adam.Adam'>,custom_mae,20000
1,1389.6894385353328,3.227227,0.31369130890215596,0.4841734,relu,64,0.5,1,2048,1,Normalized,mean_squared_error,5,val_custom_mae,<class 'tensorflow.python.keras.optimizer_v2.adam.Adam'>,custom_mae,20000
1,2.6493957262039185,0.7487757,0.3125625824736011,0.48286134,relu,64,0.5,1,2048,2,Normalized,mean_squared_error,1,val_custom_mae,<class 'tensorflow.python.keras.optimizer_v2.adam.Adam'>,custom_mae,20000
1,20.730464407145977,0.97443753,0.31332985479985515,0.48369762,relu,64,0.5,1,2048,2,Normalized,mean_squared_error,2,val_custom_mae,<class 'tensorflow.python.keras.optimizer_v2.adam.Adam'>,custom_mae,20000
1,1105.4421818630694,2.757857,0.3136458757423585,0.4841328,relu,64,0.5,1,2048,2,Normalized,mean_squared_error,5,val_custom_mae,<class 'tensorflow.python.keras.optimizer_v2.adam.Adam'>,custom_mae,20000
1,1.0382040908932686,0.64388716,0.30897564729375226,0.47954452,relu,64,0.5,1,2048,3,Normalized,mean_squared_error,1,val_custom_mae,<class 'tensorflow.python.keras.optimizer_v2.adam.Adam'>,custom_mae,20000
1,3.284649754047394,0.7925153,0.31284924284104376,0.4830176,relu,64,0.5,1,2048,3,Normalized,mean_squared_error,2,val_custom_mae,<class 'tensorflow.python.keras.optimizer_v2.adam.Adam'>,custom_mae,20000
1,85.95169786155223,1.449469,0.3134788303605972,0.48396522,relu,64,0.5,1,2048,3,Normalized,mean_squared_error,5,val_custom_mae,<class 'tensorflow.python.keras.optimizer_v2.adam.Adam'>,custom_mae,20000
1,0.9612432001829148,0.6414745,0.31297251918623525,0.48345223,relu,64,0.5,1,2048,4,Normalized,mean_squared_error,1,val_custom_mae,<class 'tensorflow.python.keras.optimizer_v2.adam.Adam'>,custom_mae,20000
1,2.016183876156807,0.738981,0.3132456199776742,0.483663,relu,64,0.5,1,2048,4,Normalized,mean_squared_error,2,val_custom_mae,<class 'tensorflow.python.keras.optimizer_v2.adam.Adam'>,custom_mae,20000
1,12.94745097887516,1.006848,0.3132523805383713,0.48384136,relu,64,0.5,1,2048,4,Normalized,mean_squared_error,5,val_custom_mae,<class 'tensorflow.python.keras.optimizer_v2.adam.Adam'>,custom_mae,20000
1,21.463338418245314,0.9908566,0.11829608174100999,0.24539255,relu,64,0.5,1,4096,0,Normalized,mean_squared_error,1,val_custom_mae,<class 'tensorflow.python.keras.optimizer_v2.adam.Adam'>,custom_mae,20000
1,82.0256665045023,1.5431826,0.13818904589260778,0.27569565,relu,64,0.5,1,4096,0,Normalized,mean_squared_error,2,val_custom_mae,<class 'tensorflow.python.keras.optimizer_v2.adam.Adam'>,custom_mae,20000
1,609.3780306580067,3.2730868,0.19516912703552552,0.35087398,relu,64,0.5,1,4096,0,Normalized,mean_squared_error,5,val_custom_mae,<class 'tensorflow.python.keras.optimizer_v2.adam.Adam'>,custom_mae,20000
1,32.59362883734703,0.92741406,0.23958897013818065,0.4118251,relu,64,0.5,1,4096,1,Normalized,mean_squared_error,1,val_custom_mae,<class 'tensorflow.python.keras.optimizer_v2.adam.Adam'>,custom_mae,20000
1,326.0386342729926,1.61996,0.20498209014054267,0.368015,relu,64,0.5,1,4096,1,Normalized,mean_squared_error,2,val_custom_mae,<class 'tensorflow.python.keras.optimizer_v2.adam.Adam'>,custom_mae,20000
1,11057.316027365447,6.6024585,0.31347740705936183,0.48440722,relu,64,0.5,1,4096,1,Normalized,mean_squared_error,5,val_custom_mae,<class 'tensorflow.python.keras.optimizer_v2.adam.Adam'>,custom_mae,20000
1,5.894895711183548,0.82705605,0.3129901878776089,0.48335692,relu,64,0.5,1,4096,2,Normalized,mean_squared_error,1,val_custom_mae,<class 'tensorflow.python.keras.optimizer_v2.adam.Adam'>,custom_mae,20000
1,70.53764040607214,1.260572,0.31325902669660505,0.4836756,relu,64,0.5,1,4096,2,Normalized,mean_squared_error,2,val_custom_mae,<class 'tensorflow.python.keras.optimizer_v2.adam.Adam'>,custom_mae,20000
1,5835.727663165092,6.6222224,0.3134372195889873,0.48434308,relu,64,0.5,1,4096,2,Normalized,mean_squared_error,5,val_custom_mae,<class 'tensorflow.python.keras.optimizer_v2.adam.Adam'>,custom_mae,20000
1,3.402435474395752,0.7826207,0.3128079224017359,0.48340404,relu,64,0.5,1,4096,3,Normalized,mean_squared_error,1,val_custom_mae,<class 'tensorflow.python.keras.optimizer_v2.adam.Adam'>,custom_mae,20000
1,51.31116335439682,1.1959391,0.31333478275806675,0.48370776,relu,64,0.5,1,4096,3,Normalized,mean_squared_error,2,val_custom_mae,<class 'tensorflow.python.keras.optimizer_v2.adam.Adam'>,custom_mae,20000
1,9470.446350147127,6.8237643,0.3133048967969033,0.48362818,relu,64,0.5,1,4096,3,Normalized,mean_squared_error,5,val_custom_mae,<class 'tensorflow.python.keras.optimizer_v2.adam.Adam'>,custom_mae,20000
1,1.48150825715065,0.6989387,0.31273865219085445,0.4833394,relu,64,0.5,1,4096,4,Normalized,mean_squared_error,1,val_custom_mae,<class 'tensorflow.python.keras.optimizer_v2.adam.Adam'>,custom_mae,20000
1,8.744306355237962,0.8864665,0.3129450510586462,0.48326868,relu,64,0.5,1,4096,4,Normalized,mean_squared_error,2,val_custom_mae,<class 'tensorflow.python.keras.optimizer_v2.adam.Adam'>,custom_mae,20000
1,1497.8054886687994,2.936296,0.31360199903288194,0.48408988,relu,64,0.5,1,4096,4,Normalized,mean_squared_error,5,val_custom_mae,<class 'tensorflow.python.keras.optimizer_v2.adam.Adam'>,custom_mae,20000
